{
  "format_version": "1.8.0",
  "animations": {
    "animation.overhead_wave": {
      "loop": false,
      "bones": {
        "head": {
          "position": {
            "0": [ 0, 0, 0 ],
            "2.133333": [ 0, 0, 0 ]
          },
          "rotation": {
            "0": [ 0, 0, 0 ],
            "0.1666667": [ 0, 0, 0 ],
            "0.2": [ 0, 0, 0.08763954 ],
            "0.2333333": [ 0, 0, 0.3405403 ],
            "0.2666667": [ 0, 0, 0.7436752 ],
            "0.3": [ 0, 0, 1.282018 ],
            "0.3333333": [ 0, 0, 1.940541 ],
            "0.3666667": [ 0, 0, 2.704217 ],
            "0.4": [ 0, 0, 3.558021 ],
            "0.4333333": [ 0, 0, 4.486924 ],
            "0.4666667": [ 0, 0, 5.475901 ],
            "0.5": [ 0, 0, 6.509923 ],
            "0.5333334": [ 0, 0, 7.573966 ],
            "0.5666667": [ 0, 0, 8.653 ],
            "0.6": [ 0, 0, 9.731999 ],
            "0.6333333": [ 0, 0, 10.79594 ],
            "0.6666667": [ 0, 0, 11.82979 ],
            "0.7": [ 0, 0, 12.81852 ],
            "0.7333333": [ 0, 0, 13.74712 ],
            "0.7666667": [ 0, 0, 14.60054 ],
            "0.8": [ 0, 0, 15.36377 ],
            "0.8333333": [ 0, 0, 16.02178 ],
            "0.8666667": [ 0, 0, 16.55954 ],
            "0.9": [ 0, 0, 16.96202 ],
            "0.9333333": [ 0, 0, 17.2142 ],
            "0.9666666": [ 0, 0, 17.38344 ],
            "1": [ 0, 0, 17.5467 ],
            "1.033333": [ 0, 0, 17.70329 ],
            "1.066667": [ 0, 0, 17.85253 ],
            "1.1": [ 0, 0, 17.99374 ],
            "1.133333": [ 0, 0, 18.12624 ],
            "1.166667": [ 0, 0, 18.24935 ],
            "1.2": [ 0, 0, 18.36238 ],
            "1.233333": [ 0, 0, 18.46467 ],
            "1.266667": [ 0, 0, 18.55552 ],
            "1.3": [ 0, 0, 18.63427 ],
            "1.333333": [ 0, 0, 18.70022 ],
            "1.366667": [ 0, 0, 18.7527 ],
            "1.4": [ 0, 0, 18.79103 ],
            "1.433333": [ 0, 0, 18.81452 ],
            "1.466667": [ 0, 0, 18.8225 ],
            "1.733333": [ 0, 0, 18.8225 ],
            "1.766667": [ 0, 0, 18.10912 ],
            "1.8": [ 0, 0, 16.18845 ],
            "1.833333": [ 0, 0, 13.38977 ],
            "1.866667": [ 0, 0, 10.04233 ],
            "1.9": [ 0, 0, 6.47538 ],
            "1.933333": [ 0, 0, 3.018186 ],
            "1.966667": [ 0, 0, 0 ],
            "2.133333": [ 0, 0, 0 ]
          },
          "scale": {
            "0": [ 1, 1, 1 ],
            "2.133333": [ 1, 1, 1 ]
          }
        },
        "leftArm": {
          "position": {
            "0": [ 0, 0, 0 ],
            "0.03333334": [ 0, 0, 0.016512 ],
            "0.06666667": [ 0, 0, 0.03302401 ],
            "0.1": [ 0, 0, 0.04052946 ],
            "0.1333333": [ 0, 0, 0.04052946 ],
            "0.1666667": [ 0.001023754, -0.008714264, 0.04052946 ],
            "0.2": [ 0.003872841, -0.03297931, 0.04052946 ],
            "0.2333333": [ 0.008213995, -0.06997852, 0.04052946 ],
            "0.2666667": [ 0.01371395, -0.1168953, 0.04052946 ],
            "0.3": [ 0.02003945, -0.170913, 0.04052946 ],
            "0.3333333": [ 0.02685722, -0.229215, 0.04052946 ],
            "0.3666667": [ 0.03383399, -0.2889847, 0.04052946 ],
            "0.4": [ 0.04063652, -0.3474055, 0.04052946 ],
            "0.4333333": [ 0.04693152, -0.4016607, 0.04052946 ],
            "0.4666667": [ 0.05238574, -0.4489338, 0.04052946 ],
            "0.5": [ 0.0566659, -0.4864081, 0.04052946 ],
            "0.5333334": [ 0.06014192, -0.517435, 0.04052946 ],
            "0.5666667": [ 0.06339121, -0.5470296, 0.04052946 ],
            "0.6": [ 0.06639179, -0.5748712, 0.04052946 ],
            "0.6333333": [ 0.06912168, -0.6006389, 0.04052946 ],
            "0.6666667": [ 0.07155889, -0.6240119, 0.04052946 ],
            "0.7": [ 0.07368147, -0.6446693, 0.04052946 ],
            "0.7333333": [ 0.0754674, -0.6622903, 0.04052946 ],
            "0.7666667": [ 0.07689472, -0.676554, 0.04052946 ],
            "0.8": [ 0.07794145, -0.6871395, 0.04052946 ],
            "0.8333333": [ 0.07858561, -0.6937262, 0.04052946 ],
            "0.8666667": [ 0.07880522, -0.695993, 0.04052946 ],
            "1.733333": [ 0.07880522, -0.695993, 0.04052946 ],
            "1.766667": [ 0.07060947, -0.6236097, 0.04052946 ],
            "1.8": [ 0.05106578, -0.4510035, 0.04052946 ],
            "1.833333": [ 0.02773944, -0.2449895, 0.04052946 ],
            "1.866667": [ 0.008195742, -0.07238328, 0.04052946 ],
            "1.9": [ 0, 0, 0.04052946 ],
            "1.933333": [ 0, 0, 0.03761134 ],
            "1.966667": [ 0, 0, 0.03015392 ],
            "2": [ 0, 0, 0.02010261 ],
            "2.033333": [ 0, 0, 0.009402835 ],
            "2.066667": [ 0, 0, 0 ],
            "2.133333": [ 0, 0, 0 ]
          },
          "rotation": {
            "0": [ 0, 0, 0 ],
            "0.1333333": [ 0, 0, 0 ],
            "0.1666667": [ 0, 0, -0.1077506 ],
            "0.2": [ 0, 0, -0.409869 ],
            "0.2333333": [ 0, 0, -0.8746549 ],
            "0.2666667": [ 0, 0, -1.470408 ],
            "0.3": [ 0, 0, -2.165427 ],
            "0.3333333": [ 0, 0, -2.928014 ],
            "0.3666667": [ 0, 0, -3.726466 ],
            "0.4": [ 0, 0, -4.529084 ],
            "0.4333333": [ 0, 0, -5.304168 ],
            "0.4666667": [ 0, 0, -6.020016 ],
            "0.5": [ 0, 0, -6.64493 ],
            "0.5333334": [ 0, 0, -7.251804 ],
            "0.5666667": [ 0, 0, -7.918191 ],
            "0.6": [ 0, 0, -8.619372 ],
            "0.6333333": [ 0, 0, -9.330631 ],
            "0.6666667": [ 0, 0, -10.02725 ],
            "0.7": [ 0, 0, -10.68451 ],
            "0.7333333": [ 0, 0, -11.2777 ],
            "0.7666667": [ 0, 0, -11.78209 ],
            "0.8": [ 0, 0, -12.17297 ],
            "0.8333333": [ 0, 0, -12.42563 ],
            "0.8666667": [ 0, 0, -12.51534 ],
            "1.733333": [ 0, 0, -12.51534 ],
            "1.766667": [ 0, 0, -13.37417 ],
            "1.8": [ 0, 0, -15.34513 ],
            "1.833333": [ 0, 0, -17.51992 ],
            "1.866667": [ 0, 0, -18.99026 ],
            "1.9": [ 0, 0, -18.84786 ],
            "1.933333": [ 0, 0, -16.68984 ],
            "1.966667": [ 0, 0, -13.12171 ],
            "2": [ 0, 0, -8.747805 ],
            "2.033333": [ 0, 0, -4.172459 ],
            "2.066667": [ 0, 0, 0 ],
            "2.133333": [ 0, 0, 0 ]
          },
          "scale": {
            "0": [ 1, 1, 1 ],
            "2.133333": [ 1, 1, 1 ]
          }
        },
        "rightArm": {
          "position": {
            "0": [ 0, 0, 0 ],
            "0.1333333": [ 0, 0, 0 ],
            "0.1666667": [ 0.009635793, 0.02965353, 0.04677727 ],
            "0.2": [ 0.0347722, 0.1103757, 0.173838 ],
            "0.2333333": [ 0.06975278, 0.229809, 0.3612757 ],
            "0.2666667": [ 0.1089211, 0.3755958, 0.5891836 ],
            "0.3": [ 0.1466206, 0.5353785, 0.8376552 ],
            "0.3333333": [ 0.1771949, 0.6967996, 1.086784 ],
            "0.3666667": [ 0.1949876, 0.8475014, 1.316663 ],
            "0.4": [ 0.1943422, 0.9751264, 1.507386 ],
            "0.4333333": [ 0.1696022, 1.067317, 1.639047 ],
            "0.4666667": [ 0.1151112, 1.111716, 1.691738 ],
            "0.5": [ -0.02833183, 1.060656, 1.697398 ],
            "0.5333334": [ -0.2767959, 0.9075999, 1.701305 ],
            "0.5666667": [ -0.5712395, 0.701884, 1.703562 ],
            "0.6": [ -0.8526211, 0.4928439, 1.704272 ],
            "0.6333333": [ -1.061899, 0.3298153, 1.703539 ],
            "0.6666667": [ -1.140032, 0.262134, 1.701465 ],
            "0.7": [ -1.083128, 0.2938572, 1.698154 ],
            "0.7333333": [ -0.9435187, 0.3833829, 1.693709 ],
            "0.7666667": [ -0.7464913, 0.5115584, 1.688233 ],
            "0.8": [ -0.5173352, 0.6592312, 1.681829 ],
            "0.8333333": [ -0.2813395, 0.8072487, 1.674601 ],
            "0.8666667": [ -0.06379303, 0.9364583, 1.666651 ],
            "0.9": [ 0.1100153, 1.027707, 1.658084 ],
            "0.9333333": [ 0.2147965, 1.061843, 1.649001 ],