{
  "format_version": "1.8.0",
  "animations": {
    "animation.communication_point": {
      "loop": false,
      "bones": {
        "head": {
          "position": {
            "0": [ 0, 0, 0 ],
            "1.333333": [ 0, 0, 0 ]
          },
          "rotation": {
            "0": [ 0, 0, 0 ],
            "0.03333334": [ 0.5110848, 0, 0 ],
            "0.06666667": [ 1.788797, 0, 0 ],
            "0.1": [ 3.449822, 0, 0 ],
            "0.1333333": [ 5.110848, 0, 0 ],
            "0.1666667": [ 6.38856, 0, 0 ],
            "0.2": [ 6.899645, 0, 0 ],
            "0.2333333": [ 6.560359, 0, 0 ],
            "0.2666667": [ 5.63944, 0, 0 ],
            "0.3": [ 4.282296, 0, 0 ],
            "0.3333333": [ 2.634336, 0, 0 ],
            "0.3666667": [ 0.8409677, 0, 0 ],
            "0.4": [ -0.9524009, 0, 0 ],
            "0.4333333": [ -2.600361, 0, 0 ],
            "0.4666667": [ -3.957505, 0, 0 ],
            "0.5": [ -4.878424, 0, 0 ],
            "0.5333334": [ -5.21771, 0, 0 ],
            "0.5666667": [ -4.392309, 0, 0 ],
            "0.6": [ -2.387763, 0, 0 ],
            "0.6333333": [ 0.08844019, 0, 0 ],
            "0.6666667": [ 2.328815, 0, 0 ],
            "1.133333": [ 2.328815, 0, 0 ],
            "1.166667": [ 1.886771, 0, 0 ],
            "1.2": [ 1.380038, 0, 0 ],
            "1.233333": [ 0.8733054, 0, 0 ],
            "1.266667": [ 0.431262, 0, 0 ],
            "1.3": [ 0.118597, 0, 0 ],
            "1.333333": [ 0, 0, 0 ]
          },
          "scale": {
            "0": [ 1, 1, 1 ],
            "1.333333": [ 1, 1, 1 ]
          }
        },
        "leftArm": {
          "position": {
            "0": [ 0, 0, 0 ],
            "1.333333": [ 0, 0, 0 ]
          },
          "rotation": {
            "0": [ 0, 0, 0 ],
            "0.03333334": [ -0.5466079, 0.01181411, -0.05550765 ],
            "0.06666667": [ -1.913127, 0.04216728, -0.1981196 ],
            "0.1": [ -3.689603, 0.08342579, -0.3919694 ],
            "0.1333333": [ -5.466078, 0.1279559, -0.6011906 ],
            "0.1666667": [ -6.832598, 0.1681239, -0.7899166 ],
            "0.2": [ -7.379206, 0.196296, -0.922281 ],
            "0.2333333": [ -7.249319, 0.215153, -1.010879 ],
            "0.2666667": [ -6.878899, 0.2325793, -1.092755 ],
            "0.3": [ -6.296811, 0.2487465, -1.168716 ],
            "0.3333333": [ -5.531919, 0.2638264, -1.239567 ],
            "0.3666667": [ -4.613086, 0.2779906, -1.306117 ],
            "0.4": [ -3.569176, 0.2914108, -1.369171 ],
            "0.4333333": [ -2.429054, 0.3042588, -1.429536 ],
            "0.4666667": [ -1.221583, 0.3167061, -1.488018 ],
            "0.5": [ 0.02437398, 0.3289245, -1.545426 ],
            "0.5333334": [ 1.279952, 0.3410857, -1.602564 ],
            "0.5666667": [ 2.516287, 0.3533614, -1.66024 ],
            "0.6": [ 3.704516, 0.3659232, -1.719261 ],
            "0.6333333": [ 4.815774, 0.3789428, -1.780433 ],
            "0.6666667": [ 5.821199, 0.392592, -1.844562 ],
            "1.133333": [ 5.821199, 0.392592, -1.844562 ],
            "1.166667": [ 4.716249, 0.3180722, -1.494437 ],
            "1.2": [ 3.4496, 0.2326471, -1.093074 ],
            "1.233333": [ 2.18295, 0.147222, -0.6917107 ],
            "1.266667": [ 1.078, 0.07270221, -0.3415855 ],
            "1.3": [ 0.29645, 0.01999311, -0.09393603 ],
            "1.333333": [ 0, 0, 0 ]
          },
          "scale": {
            "0": [ 1, 1, 1 ],
            "1.333333": [ 1, 1, 1 ]
          }
        },
        "rightArm": {
          "position": {
            "0": [ 0, 0, 0 ],
            "1.333333": [ 0, 0, 0 ]
          },
          "rotation": {
            "0": [ 0, 0, 0 ],
            "0.03333334": [ -0.9612063, 0.02427977, 0.1423448 ],
            "0.06666667": [ -3.600533, 0.09636874, 0.4982068 ],
            "0.1": [ -7.551544, 0.2151414, 0.9608274 ],
            "0.1333333": [ -12.4478, 0.3794723, 1.423448 ],
            "0.1666667": [ -17.92286, 0.588236, 1.77931 ],
            "0.2": [ -23.6103, 0.8403068, 1.921655 ],
            "0.2333333": [ -30.08392, 1.160652, 1.506114 ],
            "0.2666667": [ -37.85164, 1.557655, 0.3782193 ],
            "0.3": [ -46.44815, 2.005319, -1.283942 ],
            "0.3333333": [ -55.40813, 2.477645, -3.30228 ],
            "0.3666667": [ -64.26627, 2.948635, -5.498707 ],
            "0.4": [ -72.55727, 3.392289, -7.695135 ],
            "0.4333333": [ -79.81581, 3.78261, -9.713473 ],
            "0.4666667": [ -85.57658, 4.0936, -11.37563 ],
            "0.5": [ -89.37428, 4.299259, -12.50353 ],
            "0.5333334": [ -90.74357, 4.373589, -12.91907 ],
            "0.5666667": [ -89.92592, 4.373589, -12.91907 ],
            "0.6": [ -87.94019, 4.373589, -12.91907 ],
            "0.6333333": [ -85.48723, 4.373589, -12.91907 ],
            "0.6666667": [ -83.26789, 4.373589, -12.91907 ],
            "1.133333": [ -83.26789, 4.373589, -12.91907 ],
            "1.166667": [ -67.46241, 3.543417, -10.46684 ],
            "1.2": [ -49.34393, 2.591757, -7.655745 ],
            "1.233333": [ -31.22546, 1.640096, -4.844651 ],
            "1.266667": [ -15.41998, 0.8099239, -2.39242 ],
            "1.3": [ -4.240494, 0.2227291, -0.6579156 ],
            "1.333333": [ 0, 0, 0 ]
          },
          "scale": {
            "0": [ 1, 1, 1 ],
            "1.333333": [ 1, 1, 1 ]
          }
        },
        "body": {
          "position": {
            "0": [ 0, 0, 0 ],
            "1.333333": [ 0, 0, 0 ]
          },
          "rotation": {
            "0": [ 0, 0, 0 ],
            "1.333333": [ 0, 0, 0 ]
          },
          "scale": {
            "0": [ 1, 1, 1 ],
            "1.333333": [ 1, 1, 1 ]
          }
        },
        "hip": {
          "position": {
            "0": [ 0, 0, 0 ],
            "1.333333": [ 0, 0, 0 ]
          },
          "rotation": {
            "0": [ 0, 0, 0 ],
            "0.03333334": [ 0.7862477, 0, 0 ],
            "0.06666667": [ 2.751867, 0, 0 ],
            "0.1": [ 5.307172, 0, 0 ],
            "0.1333333": [ 7.862476, 0, 0 ],
            "0.1666667": [ 9.828095, 0, 0 ],
            "0.2": [ 10.61434, 0, 0 ],
            "0.2333333": [ 9.997004, 0, 0 ],
            "0.2666667": [ 8.369471, 0, 0 ],
            "0.3": [ 6.068476, 0, 0 ],
            "0.3333333": [ 3.43075, 0, 0 ],
            "0.3666667": [ 0.7930242, 0, 0 ],
            "0.4": [ -1.507971, 0, 0 ],
            "0.4333333": [ -3.135504, 0, 0 ],
            "0.4666667": [ -3.752844, 0, 0 ],
            "0.5": [ -3.622301, 0, 0 ],
            "0.5333334": [ -3.278143, 0, 0 ],
            "0.5666667": [ -2.791575, 0, 0 ],
            "0.6": [ -2.233802, 0, 0 ],
            "0.6333333": [ -1.676029, 0, 0 ],
            "0.6666667": [ -1.189461, 0, 0 ],
            "1.133333": [ -1.189461, 0, 0 ],
            "1.166667": [ -0.9636838, 0, 0 ],
            "1.2": [ -0.7048659, 0, 0 ],
            "1.233333": [ -0.4460479, 0, 0 ],
            "1.266667": [ -0.2202706, 0, 0 ],
            "1.3": [ -0.06057441, 0, 0 ],
            "1.333333": [ 0, 0, 0 ]
          },
          "scale": {
            "0": [ 1, 1, 1 ],
            "1.333333": [ 1, 1, 1 ]
          }
        },
        "rightLeg": {
          "position": {
            "0": [ 0, 0, 0 ],
            "1.333333": [ 0, 0, 0 ]
          },
          "rotation": {
            "0": [ 0, 0, 0 ],
            "0.03333334": [ -0.4924149, 0, 0 ],
            "0.06666667": [ -1.723452, 0, 0 ],
            "0.1": [ -3.323801, 0, 0 ],
            "0.1333333": [ -4.924149, 0, 0 ],
            "0.1666667": [ -6.155186, 0, 0 ],
            "0.2": [ -6.647601, 0, 0 ],
            "0.2333333": [ -6.143631, 0, 0 ],
            "0.2666667": [ -4.814982, 0, 0 ],
            "0.3": [ -2.936547, 0, 0 ],
            "0.3333333": [ -0.7832194, 0, 0 ],
            "0.3666667": [ 1.370108, 0, 0 ],
            "0.4": [ 3.248543, 0, 0 ],
            "0.4333333": [ 4.577192, 0, 0 ],
            "0.4666667": [ 5.081162, 0, 0 ],