{
  "format_version": "1.8.0",
  "animations": {
    "animation.communication_follow_me": {
      "loop": false,
      "bones": {
        "head": {
          "position": {
            "0": [ 0, 0, 0 ],
            "0.4": [ 0, 0, 0 ],
            "0.4333333": [ -0.01361678, 0.01030837, 0.04056035 ],
            "0.4666667": [ -0.04951557, 0.037485, 0.1474922 ],
            "0.5": [ -0.100269, 0.07590712, 0.2986717 ],
            "0.5333334": [ -0.1584498, 0.119952, 0.471975 ],
            "0.5666667": [ -0.2166306, 0.1639969, 0.6452783 ],
            "0.6": [ -0.2673841, 0.202419, 0.7964578 ],
            "0.6333333": [ -0.3032829, 0.2295956, 0.9033897 ],
            "0.6666667": [ -0.3168996, 0.239904, 0.9439501 ],
            "1.3": [ -0.3168996, 0.239904, 0.9439501 ],
            "1.333333": [ -0.3080264, 0.2331867, 0.9175195 ],
            "1.366667": [ -0.2839421, 0.214954, 0.8457792 ],
            "1.4": [ -0.2484493, 0.1880847, 0.7400568 ],
            "1.433333": [ -0.205351, 0.1554578, 0.6116796 ],
            "1.466667": [ -0.1584498, 0.119952, 0.471975 ],
            "1.5": [ -0.1115487, 0.08444621, 0.3322704 ],
            "1.533333": [ -0.06845032, 0.05181926, 0.2038932 ],
            "1.566667": [ -0.03295756, 0.02495001, 0.0981708 ],
            "1.6": [ -0.00887319, 0.006717312, 0.0264306 ],
            "1.633333": [ 0, 0, 0 ]
          },
          "rotation": {
            "0": [ 0, 0, 0 ],
            "0.03333334": [ -1.139068, -0.8619664, 0 ],
            "0.06666667": [ -4.124362, -3.134423, 0 ],
            "0.1": [ -8.308022, -6.347207, 0 ],
            "0.1333333": [ -13.04218, -10.03015, 0 ],
            "0.1666667": [ -17.67898, -13.7131, 0 ],
            "0.2": [ -21.57055, -16.92588, 0 ],
            "0.2333333": [ -24.06903, -19.19834, 0 ],
            "0.2666667": [ -24.52657, -20.06031, 0 ],
            "0.3": [ -24.23448, -20.06031, 0 ],
            "0.3333333": [ -24.52657, -20.06031, 0 ],
            "0.3666667": [ -24.81865, -20.06031, 0 ],
            "0.4": [ -24.52657, -20.06031, 0 ],
            "0.4333333": [ -22.40893, -20.02669, 0.008583419 ],
            "0.4666667": [ -18.11832, -19.93805, 0.03121243 ],
            "0.5": [ -12.41152, -19.81273, 0.06320518 ],
            "0.5333334": [ -6.04531, -19.66907, 0.09987978 ],
            "0.5666667": [ 0.2235399, -19.52541, 0.1365544 ],
            "0.6": [ 5.638251, -19.40009, 0.1685471 ],
            "0.6333333": [ 9.442047, -19.31145, 0.1911761 ],
            "0.6666667": [ 10.87815, -19.27783, 0.1997596 ],
            "1.3": [ 10.87815, -19.27783, 0.1997596 ],
            "1.333333": [ 10.57356, -18.73805, 0.1941663 ],
            "1.366667": [ 9.746824, -17.27293, 0.1789846 ],
            "1.4": [ 8.528471, -15.11382, 0.1566115 ],
            "1.433333": [ 7.049043, -12.49203, 0.1294442 ],
            "1.466667": [ 5.439076, -9.638913, 0.09987978 ],
            "1.5": [ 3.829109, -6.785795, 0.07031537 ],
            "1.533333": [ 2.349681, -4.164011, 0.04314806 ],
            "1.566667": [ 1.131328, -2.004894, 0.02077499 ],
            "1.6": [ 0.3045883, -0.5397791, 0.005593268 ],
            "1.633333": [ 0, 0, 0 ]
          },
          "scale": {
            "0": [ 1, 1, 1 ],
            "1.633333": [ 1, 1, 1 ]
          }
        },
        "leftArm": {
          "position": {
            "0": [ 0, 0, 0 ],
            "0.03333334": [ 0.1233881, 0.07391419, -0.2330523 ],
            "0.06666667": [ 0.2641548, 0.1582388, -0.4989288 ],
            "0.1": [ 0.4118729, 0.2467276, -0.777935 ],
            "0.1333333": [ 0.5561153, 0.3331344, -1.050376 ],
            "0.1666667": [ 0.6864548, 0.4112127, -1.296558 ],
            "0.2": [ 0.7924643, 0.4747165, -1.496786 ],
            "0.2333333": [ 0.8637165, 0.5173993, -1.631366 ],
            "0.2666667": [ 0.8897845, 0.533015, -1.680602 ],
            "0.3": [ 0.8758833, 0.5197691, -1.666185 ],
            "0.3333333": [ 0.8527146, 0.4976925, -1.642155 ],
            "0.3666667": [ 0.8480809, 0.4932772, -1.637349 ],
            "0.4": [ 0.8897845, 0.533015, -1.680602 ],
            "0.4333333": [ 1.024146, 0.7102345, -1.759899 ],
            "0.4666667": [ 1.223359, 1.008279, -1.83439 ],
            "0.5": [ 1.404037, 1.288662, -1.889657 ],
            "0.5333334": [ 1.482794, 1.412898, -1.911284 ],
            "0.5666667": [ 1.337961, 0.9004864, -1.816063 ],
            "0.6": [ 1.068985, -0.051135, -1.639225 ],
            "0.6333333": [ 0.924152, -0.5635465, -1.544004 ],
            "1.3": [ 0.924152, -0.5635465, -1.544004 ],
            "1.333333": [ 0.8982757, -0.5477672, -1.500772 ],
            "1.366667": [ 0.8280402, -0.5049377, -1.383428 ],
            "1.4": [ 0.7245352, -0.4418205, -1.210499 ],
            "1.433333": [ 0.5988505, -0.3651782, -1.000515 ],
            "1.466667": [ 0.462076, -0.2817733, -0.772002 ],
            "1.5": [ 0.3253015, -0.1983684, -0.5434894 ],
            "1.533333": [ 0.1996168, -0.1217261, -0.3335049 ],
            "1.566667": [ 0.0961118, -0.05860884, -0.1605764 ],
            "1.6": [ 0.02587626, -0.0157793, -0.04323211 ],
            "1.633333": [ 0, 0, 0 ]
          },
          "rotation": {
            "0": [ 0, 0, 0 ],
            "0.03333334": [ -11.41886, -5.523003, 2.62549 ],
            "0.06666667": [ -24.446, -11.82389, 4.799957 ],
            "0.1": [ -38.11646, -18.43594, 6.55452 ],
            "0.1333333": [ -51.46527, -24.89241, 7.920295 ],
            "0.1666667": [ -63.52744, -30.72656, 8.928397 ],
            "0.2": [ -73.33801, -35.47168, 9.609945 ],
            "0.2333333": [ -79.93199, -38.66102, 9.996056 ],
            "0.2666667": [ -82.34443, -39.82785, 10.11784 ],
            "0.4666667": [ -82.34443, -39.82785, 10.11784 ],
            "0.5": [ -106.3926, -13.59716, -0.7861231 ],
            "0.5333334": [ -130.4408, 23.94145, -11.72085 ],
            "0.5666667": [ -122.5695, 46.58214, -11.75047 ],
            "0.6": [ -107.6899, 65.10336, -11.75275 ],
            "0.6333333": [ -98.90358, 73.25123, -11.78237 ],
            "0.6666667": [ -97.69592, 74.02252, -11.85848 ],
            "0.7": [ -96.78912, 74.60166, -11.95733 ],
            "0.7333333": [ -96.13992, 75.01629, -12.06927 ],
            "0.7666667": [ -95.70505, 75.29402, -12.18464 ],
            "0.8": [ -95.44124, 75.46251, -12.29381 ],
            "0.8333333": [ -95.30523, 75.54937, -12.38712 ],
            "0.8666667": [ -95.25375, 75.58225, -12.45491 ],
            "0.9": [ -95.24353, 75.58878, -12.48754 ],
            "0.9333333": [ -95.23991, 75.59109, -12.49823 ],
            "0.9666666": [ -95.237, 75.59295, -12.50679 ],
            "1": [ -95.23474, 75.59439, -12.51345 ],
            "1.033333": [ -95.23304, 75.59547, -12.51846 ],
            "1.066667": [ -95.23183, 75.59625, -12.52205 ],
            "1.1": [ -95.23101, 75.59678, -12.52446 ],
            "1.133333": [ -95.23051, 75.59709, -12.52592 ],
            "1.166667": [ -95.23026, 75.59725, -12.52667 ],
            "1.2": [ -95.23016, 75.59731, -12.52694 ],
            "1.233333": [ -95.23015, 75.59732, -12.52698 ],
            "1.3": [ -95.23015, 75.59732, -12.52698 ],
            "1.333333": [ -93.42078, 74.16097, -12.28897 ],
            "1.366667": [ -88.37358, 70.15431, -11.62504 ],
            "1.4": [ -80.65993, 64.03093, -10.61035 ],
            "1.433333": [ -70.85123, 56.24441, -9.320074 ],
            "1.466667": [ -59.51884, 47.24833, -7.829363 ],
            "1.5": [ -47.23415, 37.49627, -6.213383 ],
            "1.533333": [ -34.56855, 27.44183, -4.547294 ],
            "1.566667": [ -22.0934, 17.53858, -2.90626 ],
            "1.6": [ -10.38009, 8.240108, -1.365441 ],
            "1.633333": [ 0, 0, 0 ]
          },
          "scale": {
            "0": [ 1, 1, 1 ],
            "1.633333": [ 1, 1, 1 ]
          }
        },
        "rightArm": {
          "position": {
            "0": [ 0, 0, 0 ],
            "0.03333334": [ -5.122708E-16, -3.976265E-16, 0.005394763 ],